-- MySQL dump 10.13  Distrib 8.0.31, for Win64 (x86_64)
--
-- Host: localhost    Database: clickncart
-- ------------------------------------------------------
-- Server version	8.0.31

/*!40101 SET @OLD_CHARACTER_SET_CLIENT=@@CHARACTER_SET_CLIENT */;
/*!40101 SET @OLD_CHARACTER_SET_RESULTS=@@CHARACTER_SET_RESULTS */;
/*!40101 SET @OLD_COLLATION_CONNECTION=@@COLLATION_CONNECTION */;
/*!50503 SET NAMES utf8 */;
/*!40103 SET @OLD_TIME_ZONE=@@TIME_ZONE */;
/*!40103 SET TIME_ZONE='+00:00' */;
/*!40014 SET @OLD_UNIQUE_CHECKS=@@UNIQUE_CHECKS, UNIQUE_CHECKS=0 */;
/*!40014 SET @OLD_FOREIGN_KEY_CHECKS=@@FOREIGN_KEY_CHECKS, FOREIGN_KEY_CHECKS=0 */;
/*!40101 SET @OLD_SQL_MODE=@@SQL_MODE, SQL_MODE='NO_AUTO_VALUE_ON_ZERO' */;
/*!40111 SET @OLD_SQL_NOTES=@@SQL_NOTES, SQL_NOTES=0 */;

--
-- Table structure for table `cart`
--
Create Database ClickNcart;
use ClickNcart;
DROP TABLE IF EXISTS `cart`;
/*!40101 SET @saved_cs_client     = @@character_set_client */;
/*!50503 SET character_set_client = utf8mb4 */;
CREATE TABLE `cart` (
  `id` int NOT NULL AUTO_INCREMENT,
  `quantity` int NOT NULL,
  `product_id` int DEFAULT NULL,
  `user_id` int DEFAULT NULL,
  PRIMARY KEY (`id`),
  KEY `FK3d704slv66tw6x5hmbm6p2x3u` (`product_id`),
  KEY `FKl70asp4l4w0jmbm1tqyofho4o` (`user_id`),
  CONSTRAINT `FK3d704slv66tw6x5hmbm6p2x3u` FOREIGN KEY (`product_id`) REFERENCES `product` (`id`) ON DELETE SET NULL,
  CONSTRAINT `FKl70asp4l4w0jmbm1tqyofho4o` FOREIGN KEY (`user_id`) REFERENCES `user` (`id`)
) ENGINE=InnoDB AUTO_INCREMENT=19 DEFAULT CHARSET=utf8mb4 COLLATE=utf8mb4_0900_ai_ci;
/*!40101 SET character_set_client = @saved_cs_client */;

--
-- Dumping data for table `cart`
--

LOCK TABLES `cart` WRITE;
/*!40000 ALTER TABLE `cart` DISABLE KEYS */;
INSERT INTO `cart` VALUES (4,2,9,8),(13,5,10,8),(14,1,8,8);
/*!40000 ALTER TABLE `cart` ENABLE KEYS */;
UNLOCK TABLES;

--
-- Table structure for table `order_detail`
--

DROP TABLE IF EXISTS `order_detail`;
/*!40101 SET @saved_cs_client     = @@character_set_client */;
/*!50503 SET character_set_client = utf8mb4 */;
CREATE TABLE `order_detail` (
  `id` int NOT NULL AUTO_INCREMENT,
  `quantity` int NOT NULL,
  `orders_order_id` varchar(255) DEFAULT NULL,
  `product_id` int DEFAULT NULL,
  PRIMARY KEY (`id`),
  KEY `FKk9rcebabetm8w5xfbtk7fd1go` (`orders_order_id`),
  KEY `FKb8bg2bkty0oksa3wiq5mp5qnc` (`product_id`),
  CONSTRAINT `FKb8bg2bkty0oksa3wiq5mp5qnc` FOREIGN KEY (`product_id`) REFERENCES `product` (`id`),
  CONSTRAINT `FKk9rcebabetm8w5xfbtk7fd1go` FOREIGN KEY (`orders_order_id`) REFERENCES `orders` (`order_id`)
) ENGINE=InnoDB AUTO_INCREMENT=6 DEFAULT CHARSET=utf8mb4 COLLATE=utf8mb4_0900_ai_ci;
/*!40101 SET character_set_client = @saved_cs_client */;

--
-- Dumping data for table `order_detail`
--

LOCK TABLES `order_detail` WRITE;
/*!40000 ALTER TABLE `order_detail` DISABLE KEYS */;
INSERT INTO `order_detail` VALUES (1,2,'order_SXNRXKEVgqmvIo',9),(2,1,'order_SXNRXKEVgqmvIo',7),(3,3,'order_SXiusgO3TYiBDt',10),(4,1,'order_SXiusgO3TYiBDt',7),(5,1,'order_SXiusgO3TYiBDt',8);
/*!40000 ALTER TABLE `order_detail` ENABLE KEYS */;
UNLOCK TABLES;

--
-- Table structure for table `orders`
--

DROP TABLE IF EXISTS `orders`;
/*!40101 SET @saved_cs_client     = @@character_set_client */;
/*!50503 SET character_set_client = utf8mb4 */;
CREATE TABLE `orders` (
  `order_id` varchar(255) NOT NULL,
  `order_date` datetime(6) DEFAULT NULL,
  `payment_id` varchar(255) DEFAULT NULL,
  `total_bill` int NOT NULL,
  `user_id` int DEFAULT NULL,
  PRIMARY KEY (`order_id`),
  KEY `FKel9kyl84ego2otj2accfd8mr7` (`user_id`),
  CONSTRAINT `FKel9kyl84ego2otj2accfd8mr7` FOREIGN KEY (`user_id`) REFERENCES `user` (`id`)
) ENGINE=InnoDB DEFAULT CHARSET=utf8mb4 COLLATE=utf8mb4_0900_ai_ci;
/*!40101 SET character_set_client = @saved_cs_client */;

--
-- Dumping data for table `orders`
--

LOCK TABLES `orders` WRITE;
/*!40000 ALTER TABLE `orders` DISABLE KEYS */;
INSERT INTO `orders` VALUES ('order_SXiusgO3TYiBDt','2026-03-31 11:22:31.780780','pay_SXiwpgeRSLmuA9',1150,5),('order_SXNRXKEVgqmvIo','2026-03-30 14:20:29.547754','pay_SXNRemW9owdejd',1750,5);
/*!40000 ALTER TABLE `orders` ENABLE KEYS */;
UNLOCK TABLES;

--
-- Table structure for table `product`
--

DROP TABLE IF EXISTS `product`;
/*!40101 SET @saved_cs_client     = @@character_set_client */;
/*!50503 SET character_set_client = utf8mb4 */;
CREATE TABLE `product` (
  `id` int NOT NULL AUTO_INCREMENT,
  `category` varchar(255) DEFAULT NULL,
  `description` varchar(255) DEFAULT NULL,
  `image_url` varchar(255) DEFAULT NULL,
  `name` varchar(255) DEFAULT NULL,
  `price` int NOT NULL,
  PRIMARY KEY (`id`)
) ENGINE=InnoDB AUTO_INCREMENT=11 DEFAULT CHARSET=utf8mb4 COLLATE=utf8mb4_0900_ai_ci;
/*!40101 SET character_set_client = @saved_cs_client */;

--
-- Dumping data for table `product`
--

LOCK TABLES `product` WRITE;
/*!40000 ALTER TABLE `product` DISABLE KEYS */;
INSERT INTO `product` VALUES (7,'Fruits','healthy fruit','https://cdn.dummyjson.com/product-images/groceries/kiwi/1.webp','Kiwi',250),(8,'cosmetics','The Essence Mascara Lash Princess is a popular mascara known for its volumizing and lengthening effects. Achieve dramatic lashes with this long-lasting and cruelty-free formula.','https://cdn.dummyjson.com/product-images/beauty/essence-mascara-lash-princess/1.webp','Essence Mascara',450),(9,'cosmetics','The Red Lipstick is a classic and bold choice for adding a pop of color to your lips. With a creamy and pigmented formula, it provides a vibrant and long-lasting finish.','https://cdn.dummyjson.com/product-images/beauty/red-lipstick/1.webp','Red Lipstick',750),(10,'Grocerry','Refreshing fruit juice, packed with vitamins and great for staying hydrated','https://cdn.dummyjson.com/product-images/groceries/juice/1.webp','Juice',150);
/*!40000 ALTER TABLE `product` ENABLE KEYS */;
UNLOCK TABLES;

--
-- Table structure for table `user`
--

DROP TABLE IF EXISTS `user`;
/*!40101 SET @saved_cs_client     = @@character_set_client */;
/*!50503 SET character_set_client = utf8mb4 */;
CREATE TABLE `user` (
  `id` int NOT NULL AUTO_INCREMENT,
  `email` varchar(255) NOT NULL,
  `mobile` varchar(255) DEFAULT NULL,
  `password` varchar(255) NOT NULL,
  `username` varchar(255) NOT NULL,
  PRIMARY KEY (`id`),
  UNIQUE KEY `UKob8kqyqqgmefl0aco34akdtpe` (`email`),
  UNIQUE KEY `UKsb8bbouer5wak8vyiiy4pf2bx` (`username`)
) ENGINE=InnoDB AUTO_INCREMENT=13 DEFAULT CHARSET=utf8mb4 COLLATE=utf8mb4_0900_ai_ci;
/*!40101 SET character_set_client = @saved_cs_client */;

--
-- Dumping data for table `user`
--

LOCK TABLES `user` WRITE;
/*!40000 ALTER TABLE `user` DISABLE KEYS */;
INSERT INTO `user` VALUES (3,'mayur@gmail.com','9988554477','$2a$10$s6euiSlRzq8qY9Om5.vHne81eKj9ZsYhKd69hl8ZywKHl2qJlEDk2','mayur'),(4,'neha@gmail.com','9988554400','$2a$10$DgofkXIjL.Y.3hV2vJYqO.BGQ6iMfZiRn95HVEJNMRz9DYJFj11O2','neha'),(5,'sumit@gmail.com','9988554455','$2a$10$YEuHEbR3sZ4he5YYLj5rEubmM6IFk.WfaQr86qJPcq9IwMd5EMOp.','sumit'),(6,'nikita@gmail.com','9988554422','$2a$10$nBbDgL9eCaS6wdKZell0ROVq7v5IiCddxqYjhk.kGMor8DbQbsRZ.','nikita'),(7,'nik@gmail.com','9988554499','$2a$10$2gXZv.F3xSs7Ost27IZGquyCC9RyeVfCADfbWv8KoJ/nXmUBHWdK.','nik'),(8,'john@gmail.com','8855229966','$2a$10$e4i3pjrGkhE71qy0aUN1L.U84idMOka76cOFQFmM4SW4iJQDy8ze2','john'),(9,'raj@gmail.com','8855229900','$2a$10$103.NjmYpTAdsiNsBMY0z.Xx8onKRuHC03CmWh6hIaV1BUmXlk/86','raj'),(10,'raj123@gmail.com','7788888552','$2a$10$tY3zbEBSkKPG5QNU9xSnGub/dW8IkaiLsgkfalvV2S5t7Qo9Lr0.e','rajpatel'),(11,'john123@gmail.com','8855221144','$2a$10$LOgp1UJWNJ06QstLR9RK.Ou4xNE/FfL8Ma9qpLxt0EhTbzSrtRPIC','john123'),(12,'rose@gmail.com','8877665544','$2a$10$7NA8oasaE8eV1ia4ctGDJ.PDqw0EafDY7DjCq5RePL9hn.MxY3AKy','rose');
/*!40000 ALTER TABLE `user` ENABLE KEYS */;
UNLOCK TABLES;

--
-- Table structure for table `user_roles`
--

DROP TABLE IF EXISTS `user_roles`;
/*!40101 SET @saved_cs_client     = @@character_set_client */;
/*!50503 SET character_set_client = utf8mb4 */;
CREATE TABLE `user_roles` (
  `user_id` int NOT NULL,
  `roles` varchar(255) DEFAULT NULL,
  KEY `FK55itppkw3i07do3h7qoclqd4k` (`user_id`),
  CONSTRAINT `FK55itppkw3i07do3h7qoclqd4k` FOREIGN KEY (`user_id`) REFERENCES `user` (`id`)
) ENGINE=InnoDB DEFAULT CHARSET=utf8mb4 COLLATE=utf8mb4_0900_ai_ci;
/*!40101 SET character_set_client = @saved_cs_client */;

--
-- Dumping data for table `user_roles`
--

LOCK TABLES `user_roles` WRITE;
/*!40000 ALTER TABLE `user_roles` DISABLE KEYS */;
INSERT INTO `user_roles` VALUES (3,'ROLE_USER'),(4,'ROLE_ADMIN'),(5,'ROLE_ADMIN'),(5,'ROLE_USER'),(6,'ROLE_USER'),(7,'ROLE_ADMIN'),(7,'ROLE_USER'),(8,'ROLE_USER'),(9,'ROLE_USER'),(10,'ROLE_USER'),(11,'ROLE_USER'),(12,'ROLE_USER');
/*!40000 ALTER TABLE `user_roles` ENABLE KEYS */;
UNLOCK TABLES;
/*!40103 SET TIME_ZONE=@OLD_TIME_ZONE */;

/*!40101 SET SQL_MODE=@OLD_SQL_MODE */;
/*!40014 SET FOREIGN_KEY_CHECKS=@OLD_FOREIGN_KEY_CHECKS */;
/*!40014 SET UNIQUE_CHECKS=@OLD_UNIQUE_CHECKS */;
/*!40101 SET CHARACTER_SET_CLIENT=@OLD_CHARACTER_SET_CLIENT */;
/*!40101 SET CHARACTER_SET_RESULTS=@OLD_CHARACTER_SET_RESULTS */;
/*!40101 SET COLLATION_CONNECTION=@OLD_COLLATION_CONNECTION */;
/*!40111 SET SQL_NOTES=@OLD_SQL_NOTES */;

-- Dump completed on 2026-04-14 13:09:28
